{"cameraMode":{"drawMode":0,"name":"Shaded","section":"Shading Mode"},"sceneLighting":true,"audioPlay":false,"sceneViewState":{"m_AlwaysRefresh":false,"showFog":true,"showSkybox":true,"showFlares":true,"showImageEffects":true,"showParticleSystems":true,"showVisualEffectGraphs":true,"m_FxEnabled":true},"in2DMode":false,"pivot":{"x":-1.980637788772583,"y":-2.3819382190704347,"z":0.41592711210250857},"rotation":{"x":-0.32969313859939577,"y":-0.09662699699401856,"z":0.033943790942430499,"w":-0.9385651350021362},"size":14.270520210266114,"orthographic":false}