{"cameraMode":{"drawMode":0,"name":"Shaded","section":"Shading Mode"},"sceneLighting":true,"audioPlay":false,"sceneViewState":{"m_AlwaysRefresh":false,"showFog":true,"showSkybox":true,"showFlares":true,"showImageEffects":true,"showParticleSystems":true,"showVisualEffectGraphs":true,"m_FxEnabled":true},"in2DMode":false,"pivot":{"x":7.084338188171387,"y":-5.671098709106445,"z":-0.5453891754150391},"rotation":{"x":0.002984339604154229,"y":0.783311128616333,"z":-0.6216143369674683,"w":0.003760757390409708},"size":15.373092651367188,"orthographic":false}